{
    "mean": [
        -1.3834353979526375,
        -0.766351671010322,
        -0.3075738493268631,
        -0.7657091897874997,
        -0.06853161659781114,
        0.46124718653636837,
        -0.30615537833483203,
        0.4620246905219246,
        1.0542076143155028,
        0.6668448789699338,
        0.7476950413689456,
        0.8183158769087103,
        0.5430878951519672,
        0.6303223558702451,
        0.7133506430455568,
        0.3694621998896996,
        0.44158027261450444,
        0.4941560366762892,
        0.6662321568978803,
        0.542383837952096,
        0.36864353519265003,
        0.7470646951617353,
        0.6295958102104411,
        0.4406887686962258,
        0.8176997005843328,
        0.7126634382904979,
        0.49318488476182115,
        -0.30913647164212144
    ],
    "std": [
        0.5252859228205241,
        0.5783263271047974,
        0.7649815453952067,
        0.5782159922332021,
        0.5167187233044007,
        0.6184211317903522,
        0.764951388686503,
        0.618241013486355,
        0.5303407530042976,
        0.23599525879031033,
        0.23908696401117044,
        0.2239521443408053,
        0.29940335039237614,
        0.32113442914394275,
        0.31405110683491405,
        0.38010817753001613,
        0.4453984797917744,
        0.5062661133803291,
        0.23613313688527915,
        0.2993481603094805,
        0.3798769624562407,
        0.23938987688733543,
        0.3212094672858544,
        0.4453045828500751,
        0.22446081148347932,
        0.3142258435597256,
        0.5062342375833653,
        0.17201715347783522
    ]
}