{
    "mean": [
        -1.3839840361751903,
        -0.7666037104418892,
        -0.3074629805523248,
        -0.7663558221297656,
        -0.06896935535686374,
        0.46115544301232725,
        -0.306833355946988,
        0.4615743512521362,
        1.0541106489550907,
        0.6665295036957635,
        0.7473249451327172,
        0.81789209097885,
        0.5428475020558979,
        0.6300196848234425,
        0.7128968362802368,
        0.3694491861341717,
        0.44152870813765677,
        0.4941026187298561,
        0.6663195692627947,
        0.5425310059305036,
        0.36900626430729166,
        0.7471169479697345,
        0.6296587134556012,
        0.44103390373547435,
        0.81771883044954,
        0.7126501593140697,
        0.49336933892355483,
        -0.3088418611786909
    ],
    "std": [
        0.5256147647519827,
        0.5786786493113413,
        0.7656467721367515,
        0.5786411979494305,
        0.5170295115952607,
        0.618804382080139,
        0.7655063987365728,
        0.6187398871518194,
        0.5307629767033623,
        0.2363680730200031,
        0.23949266598705904,
        0.22443703424178277,
        0.2996151285369054,
        0.3213948166488448,
        0.3143816110350371,
        0.38008720718793554,
        0.4453927865188024,
        0.5061967889528308,
        0.23640386286464926,
        0.29968115877525336,
        0.38015118318503066,
        0.23950705693128793,
        0.32141946601862315,
        0.4454563942974615,
        0.22444805217498479,
        0.31433646946687605,
        0.5061759658738103,
        0.17192085470640686
    ]
}