{
    "mean": [
        -1.3828099910765281,
        -0.7658447349842358,
        -0.3070876428669165,
        -0.7652456916715171,
        -0.06822330109824867,
        0.4614578403996493,
        -0.30585526418162995,
        0.46211659792370285,
        1.05413432135514,
        0.6667334342278672,
        0.7475249552692091,
        0.818082578092747,
        0.5429737539306887,
        0.63012606561984,
        0.7130880663572444,
        0.36936399913512113,
        0.4414789459447106,
        0.49398554913759324,
        0.6661745719651755,
        0.5423485889034078,
        0.36873184268560993,
        0.7469780064238914,
        0.6295050764638976,
        0.4407989001354533,
        0.817593080491014,
        0.7124798000613319,
        0.4932409945967742,
        -0.3090373728606327
    ],
    "std": [
        0.5247830906118751,
        0.5780073174027122,
        0.7650492807981795,
        0.5779273937771591,
        0.5164432210471122,
        0.6184975167853485,
        0.7649380076871953,
        0.6181774638114275,
        0.5303935342289715,
        0.23620261715193794,
        0.23930627621696798,
        0.22422769583505736,
        0.2996297859369721,
        0.32136062857294273,
        0.314237012131639,
        0.38031226513147093,
        0.4455552124884475,
        0.5063227517272295,
        0.2364028151277091,
        0.29966140146405246,
        0.38013111426365725,
        0.239635873443011,
        0.321546025532576,
        0.44548494864004173,
        0.22466502145799136,
        0.31456227907439893,
        0.5062893141038705,
        0.1720314564463082
    ]
}