{
    "mean": [
        -1.384081686825188,
        -0.766407104115851,
        -0.30718756753637033,
        -0.7662415407969289,
        -0.06851220561712465,
        0.46181883817248826,
        -0.3068371381501908,
        0.4620128035933282,
        1.0548785260435534,
        0.6665190970239382,
        0.7474211642239362,
        0.8180372191707928,
        0.5426683550544694,
        0.6299419726519317,
        0.7129633301350397,
        0.3690318377817433,
        0.4411620363327447,
        0.49356674155357144,
        0.6663726912889325,
        0.5424927944266325,
        0.36886025000327755,
        0.7472758586678638,
        0.6297676775464187,
        0.44090281784645186,
        0.817927738519107,
        0.7127965086578946,
        0.4933292038303333,
        -0.30920518114792367
    ],
    "std": [
        0.5250443029655956,
        0.5781894628516246,
        0.7655221064624215,
        0.5781096347124616,
        0.5164839982729795,
        0.6187192944264305,
        0.765359880894731,
        0.6185352495990301,
        0.5308815374182482,
        0.2362803719893829,
        0.23933318973637902,
        0.2241796247051677,
        0.29959088040171505,
        0.32134496737812895,
        0.31423437943812677,
        0.3801209126485473,
        0.44555579782435595,
        0.50645761832261,
        0.23637113914194965,
        0.2996377739136045,
        0.380132503064329,
        0.2394475973042447,
        0.32140814449846306,
        0.44558360593373864,
        0.22431631468017313,
        0.31428844389981786,
        0.5064768989038867,
        0.17211284499475812
    ]
}