{
    "mean": [
        -1.3836453128293227,
        -0.7664641148822523,
        -0.30748119593343887,
        -0.7661384100692471,
        -0.06896318117049212,
        0.46099352057856036,
        -0.3067697316060781,
        0.46136369581997766,
        1.0536099523883267,
        0.6665687510305236,
        0.7473521863814965,
        0.8179255462336419,
        0.5428345169374399,
        0.6299449522555364,
        0.7128895509717054,
        0.3693222079525499,
        0.4413768173319659,
        0.49381166679939803,
        0.6662758343361512,
        0.5424877655931142,
        0.3689344818305993,
        0.7470534755920722,
        0.6296165518754039,
        0.44098841695254243,
        0.8176574205050687,
        0.7125303269721642,
        0.49335730059289246,
        -0.3089048244475357
    ],
    "std": [
        0.5253000583912728,
        0.5787158188162415,
        0.7658439400861733,
        0.5781339517540639,
        0.5168410026707448,
        0.6190423723269286,
        0.7648752754277417,
        0.6181694513012111,
        0.5304501997816745,
        0.23634899265928477,
        0.23944757839378725,
        0.22438688515075966,
        0.2997298337936976,
        0.32147916506590934,
        0.3143529885207942,
        0.380305193168596,
        0.44562264718509026,
        0.5063853933727048,
        0.2364355438553986,
        0.2997275277546837,
        0.38017847743803534,
        0.23959094006466847,
        0.3215641478162302,
        0.4455332791577593,
        0.2245114906971733,
        0.3144956193377799,
        0.5062829693592923,
        0.17195375863277737
    ]
}