{
    "mean": [
        -1.383285993252063,
        -0.7663871346761555,
        -0.30782433150939736,
        -0.7655059313844449,
        -0.06847158258678017,
        0.4610734662868617,
        -0.305932483683506,
        0.4621686058564095,
        1.0542059004643995,
        0.6669694188880533,
        0.747825117924383,
        0.8184093608533384,
        0.5431928422041087,
        0.6304790896624066,
        0.7135454182509512,
        0.3694941162071033,
        0.441746432900968,
        0.49460964620002495,
        0.6661596994961196,
        0.5422340565244453,
        0.36844248154582765,
        0.7470391740155594,
        0.6294666516888086,
        0.4405091439851278,
        0.8177407017338231,
        0.7126588079836162,
        0.49314653118319235,
        -0.3091993322937604
    ],
    "std": [
        0.5254847428277478,
        0.5782777494396386,
        0.764594374911492,
        0.5786240907717186,
        0.5171244013117229,
        0.6184163005505623,
        0.7652200427966509,
        0.6187545245451244,
        0.5307731002970362,
        0.23590263418580484,
        0.23903159930340537,
        0.22397021556796684,
        0.29932492388776816,
        0.3210911447935142,
        0.31399042094463103,
        0.380018085194792,
        0.44527331598154285,
        0.5060042782011306,
        0.23607836880906927,
        0.2993387971528406,
        0.37985997209291883,
        0.23932947708959096,
        0.3211982699912167,
        0.4452130340787032,
        0.2244114474377219,
        0.3141801815796683,
        0.5060903744491156,
        0.17208032973070767
    ]
}